<?xml version="1.0" encoding="UTF-8"?>
<beans xmlns="http://www.springframework.org/schema/beans"
	xmlns:xsi="http://www.w3.org/2001/XMLSchema-instance"
	xsi:schemaLocation="http://www.springframework.org/schema/beans https://www.springframework.org/schema/beans/spring-beans-4.3.xsd">

<bean class = "com.hcl3.Course" name="course1">
<property name="name" value="java"> </property>
<property name="mentor" value="sathish"> </property>
<property name="fee" value="1000"> </property>
</bean>
<bean class = "com.hcl3.Course" name="course2">
<property name="name" value="selenium"> </property>
<property name="mentor" value="kanimozhi"> </property>
<property name="fee" value="2000"> </property>
</bean>
<bean class = "com.hcl3.Course" name="course3">
<property name="name" value="python"> </property>
<property name="mentor" value="Arun"> </property>
<property name="fee" value="500"> </property>

</bean>
</beans>
