<?xml version="1.0" encoding="UTF-8"?>
<beans xmlns="http://www.springframework.org/schema/beans"
	xmlns:xsi="http://www.w3.org/2001/XMLSchema-instance"
	xsi:schemaLocation="http://www.springframework.org/schema/beans https://www.springframework.org/schema/beans/spring-beans-4.3.xsd">
<bean class ="com.hcl.Address" name ="address">
<property name ="line1" value="2/115 Anna Nagar"/>
<property name ="line2" value="porur"/>
<property name ="city" value="chennai"/>
<property name ="pincode" value="609606"/>

</bean>
<bean class="com.hcl.Employee" name ="employee">
<property name ="employeeName" value ="sathish"> </property>
<property name ="employeeMobileNumber">
<list>
<value>"9965478545" </value> 
<value>"9965488545" </value> 
<value>"9965478595" </value> 
</list> 
</property>
<property name ="salary" value ="600000"> </property>
<property name ="employeeEmail" value ="sathish@123"> </property>
<property name ="address" ref ="address"> </property>
</bean>

</beans>
